<?xml version="1.0" encoding="UTF-8" ?>
<!DOCTYPE mapper
        PUBLIC "-//mybatis.org//DTD Mapper 3.0//EN"
        "http://mybatis.org/dtd/mybatis-3-mapper.dtd">

<mapper namespace="com.example.mapper.DataMapper">
    <select id="getPrise" resultType="com.example.pojo.data.large.Prise">
        select DATE_FORMAT(date, '%Y-%m-%d') AS day,sum(prise) as prise from list where date>=#{date} and status = '已完成' GROUP by day ORDER BY day
    </select>

    <select id="getUsrs" resultType="com.example.pojo.data.little.Usrs">
        select DATE_FORMAT(date, '%Y-%m-%d') AS day,count(openid) as number from customer where date>=#{date} GROUP by day ORDER BY day
    </select>

    <select id="getSum" resultType="com.example.pojo.data.little.Usrs">
        SELECT DATE_FORMAT(date, '%Y-%m-%d') AS day,
        (SELECT count(openid)
        FROM customer c2
        WHERE c1.date >= c2.date) AS number
        FROM customer c1
        WHERE date>=#{date}
        GROUP by day
        ORDER BY day;
    </select>

    <select id="getAllTrade" resultType="com.example.pojo.data.little.AllTrade">
        select DATE_FORMAT(date, '%Y-%m-%d') AS day,count(order_id) as count from list where date>=#{date} GROUP by day ORDER BY day
    </select>

    <select id="getValidTrade" resultType="com.example.pojo.data.little.ValidTrade">
        select DATE_FORMAT(date, '%Y-%m-%d') AS day,count(order_id) as count from list where date>=#{date} and status = '已完成' GROUP by day ORDER BY day
    </select>

    <select id="getMerChise" resultType="com.example.pojo.data.large.MerChise">
        select name,count(name) as number from Items where date>=#{date} GROUP by name ORDER BY number limit 10
    </select>
</mapper>