<?xml version="1.0" encoding="UTF-8" ?>
<!DOCTYPE mapper
        PUBLIC "-//mybatis.org//DTD Mapper 3.0//EN"
        "http://mybatis.org/dtd/mybatis-3-mapper.dtd">


<mapper namespace="com.example.mapper.GiftMapper">
    <update id="addGift">
        insert into gift (name, photo, category, prise, status, date, way, statement)
        values (#{object.name}, #{object.photo}, #{object.category}, #{object.prise}, #{object.status}, #{object.date}, #{object.way}, #{object.statement})
    </update>

    <select id="showGift" resultType="com.example.pojo.gift.Package">
        select name,photo,category,prise,status,date from gift where 1=1
        <if test="name!=''">
            and name = #{name}
        </if>
        <if test="category!=''">
            and category = #{category}
        </if>
        <if test="status!=''">
            and status = #{status}
        </if>
    </select>

    <delete id="removeGift">
        delete from gift where name = #{name}
    </delete>

    <select id="getGift" resultType="com.example.pojo.gift.Gift">
        select * from gift where name = #{name}
    </select>

    <update id="updateGift">
        update gift set name = #{object.name}, photo = #{object.photo}, category = #{object.category},
                          prise = #{object.prise}, status = #{object.status}, date = #{object.date},
                          way = #{object.way}, statement = #{object.statement} where name = #{object.name}
    </update>

    <delete id="removeMany">
        delete from gift where name in
        <foreach collection="list" item="item" separator="," open="(" close=")">
            #{item}
        </foreach>
    </delete>
</mapper>