<?xml version="1.0" encoding="UTF-8" ?>
<!DOCTYPE mapper
        PUBLIC "-//mybatis.org//DTD Mapper 3.0//EN"
        "http://mybatis.org/dtd/mybatis-3-mapper.dtd">

<mapper namespace="com.example.mapper.MiniMapper">
    <select id="typeList" resultType="string">
        select name from type order by sort
    </select>

    <select id="objectList" resultType="com.example.pojo.object.Object">
        select * from object where category = #{type} and status = '启售'
        union
        select * from gift where category = #{type} and status = '启售'
    </select>

    <select id="itemList" resultType="com.example.pojo.mini.Mini">
        select name,prise from object where status = '启售'
        union
        select name,prise from gift where status = '启售'
    </select>

    <update id="addItem">
        insert into car (openid,name,photo,way,number,prise)
        values (#{item.openid}, #{item.name}, #{item.photo}, #{item.way}, #{item.number}, #{item.prise})
    </update>

    <update id="plusItem">
        update car set number = #{item.number} where name = #{item.name} and openid = #{item.openid} and way = #{item.way}
    </update>

    <select id="getCar" resultType="com.example.pojo.mini.Item">
        select * from car where openid = #{name}
    </select>

    <delete id="delete">
        delete from car where name = #{name} and openid = #{openid} and way = #{way}
    </delete>

    <update id="minus">
        update car set number = number - 1 where name = #{name} and openid = #{openid} and way = #{way}
    </update>

    <delete id="crack">
        delete from car where openid = #{openid}
    </delete>

    <select id="getByOpenid" resultType="com.example.pojo.customer.Customer">
        select * from customer where openid = #{openid}
    </select>

    <update id="insert">
        insert into customer (openid,date)
        values (#{customer.openid},#{customer.date})
    </update>

    <update id="addList">
        insert into list (order_id,openid,status,prise,statement,date)
        values (#{lists.orderId}, #{lists.openid}, #{lists.status}, #{lists.prise}, #{lists.statement}, #{lists.date})
    </update>

    <select id="getList" resultType="com.example.pojo.list.Lists">
        select * from list where order_id = #{orderId}
    </select>

    <update id="addItems">
        insert into items (order_id,openid,name,photo,prise,number,way,date)
        values
        <foreach collection="items" item="item" separator=",">
            (#{item.orderId}, #{item.openid}, #{item.name}, #{item.photo}, #{item.prise}, #{item.number}, #{item.way}, #{item.date})
        </foreach>
    </update>

    <select id="getItems" resultType="com.example.pojo.mini.Item">
        select * from items where order_id = #{orderId}
    </select>

    <select id="showList" resultType="com.example.pojo.list.Lists">
        select * from list where openid = #{openid} ORDER BY date DESC;
    </select>

    <update id="finish">
        update list set status = "已下单",statement = #{message} where order_id = #{orderId}
    </update>

    <update id="changeTask">
        update list set status = "已取消" where #{date} > date and status = "待付款"
    </update>

    <update id="cancel">
        update list set status = "已取消" where order_id = #{orderId}
    </update>

    <delete id="burstList">
        delete from list where order_id = #{orderId}
    </delete>

    <delete id="burstItem">
        delete from items where order_id = #{orderId}
    </delete>
</mapper>