<?xml version="1.0" encoding="UTF-8" ?>
<!DOCTYPE mapper
        PUBLIC "-//mybatis.org//DTD Mapper 3.0//EN"
        "http://mybatis.org/dtd/mybatis-3-mapper.dtd">


<mapper namespace="com.example.mapper.ObjectMapper">
    <select id="getOption" resultType="string">
        select name from type where category = #{category}
    </select>

    <update id="addObject">
        insert into object (name, photo, category, prise, status, date, way, statement)
        values (#{object.name}, #{object.photo}, #{object.category}, #{object.prise}, #{object.status}, #{object.date}, #{object.way}, #{object.statement})
    </update>

    <select id="showObject" resultType="com.example.pojo.object.Item">
        select name,photo,category,prise,status,date from object where 1=1
        <if test="name!=''">
            and name = #{name}
        </if>
        <if test="category!=''">
            and category = #{category}
        </if>
        <if test="status!=''">
            and status = #{status}
        </if>
    </select>

    <delete id="removeObject">
        delete from object where name = #{name}
    </delete>

    <select id="getObject" resultType="com.example.pojo.object.Object">
        select * from object where name = #{name}
    </select>

    <update id="updateObject">
        update object set name = #{object.name}, photo = #{object.photo}, category = #{object.category},
                          prise = #{object.prise}, status = #{object.status}, date = #{object.date},
                          way = #{object.way}, statement = #{object.statement} where name = #{object.name}
    </update>

    <delete id="removeMuch">
        delete from object where name in
        <foreach collection="list" item="item" separator="," open="(" close=")">
            #{item}
        </foreach>
    </delete>
</mapper>