<?xml version="1.0" encoding="UTF-8" ?>
<!DOCTYPE mapper
        PUBLIC "-//mybatis.org//DTD Mapper 3.0//EN"
        "http://mybatis.org/dtd/mybatis-3-mapper.dtd">


<mapper namespace="com.example.mapper.StaffMapper">
    <select id="research" resultType="com.example.pojo.staff.Staff">
        select name,number,phone,status,date from user where name = #{name}
    </select>

    <update id="add">
        insert into user (name, number, phone, status, date, main, password)
        values (#{user.name}, #{user.number}, #{user.phone}, #{user.status}, #{user.date}, #{user.main}, #{user.password})
    </update>

    <select id="initialStaff" resultType="com.example.pojo.staff.Staff">
        select name,number,phone,status,date from user
    </select>

    <delete id="back">
        delete from user where name = #{name}
    </delete>

    <update id="update">
        update user set name = #{update.name}, number = #{update.number}, phone = #{update.phone}, status = #{update.status}, date = #{update.date} where number = #{update.number}
    </update>
</mapper>