<?xml version="1.0" encoding="UTF-8" ?>
<!DOCTYPE mapper
        PUBLIC "-//mybatis.org//DTD Mapper 3.0//EN"
        "http://mybatis.org/dtd/mybatis-3-mapper.dtd">

<mapper namespace="com.example.mapper.TradeMapper">
    <select id="showTrade" resultType="com.example.pojo.trade.Trade">
        select order_id,status,prise,statement,date from list where 1=1
        <if test=" status!='全部订单' ">
            and status = #{status}
        </if>
        <if test=" orderId!='' ">
            and order_id = #{orderId}
        </if>
        <if test="date1!=null">
            and date>=#{date1}
        </if>
        <if test="date2!=null">
            and #{date2}>=date
        </if>
        ORDER BY date DESC
    </select>

    <select id="getContent" resultType="com.example.pojo.trade.MiniItem">
        select name,way,number from items where order_id = #{orderId}
    </select>

    <update id="finish">
        update list set status = "已完成" where order_id = #{orderId}
    </update>
</mapper>