<?xml version="1.0" encoding="UTF-8" ?>
<!DOCTYPE mapper
        PUBLIC "-//mybatis.org//DTD Mapper 3.0//EN"
        "http://mybatis.org/dtd/mybatis-3-mapper.dtd">


<mapper namespace="com.example.mapper.TypeMapper">
    <select id="show" resultType="com.example.pojo.type.Type">
        select name,category,sort,status,date from type where 1=1
        <if test="name!=''">
            and name = #{name}
        </if>
        <if test="category!=''">
            and category = #{category}
        </if>
        order by sort
    </select>

    <update id="changeType">
        insert into type (name, category, sort, status, date)
        values (#{type.name}, #{type.category}, #{type.sort}, #{type.status}, #{type.date})
    </update>

    <delete id="remove">
        delete from type where name = #{name}
    </delete>

    <update id="updateType">
        update type set name = #{type.name}, category = #{type.category}, sort = #{type.sort}, status = #{type.status}, date = #{type.date} where name = #{type.name}
    </update>
</mapper>