<?xml version="1.0" encoding="UTF-8" ?>
<!DOCTYPE mapper
        PUBLIC "-//mybatis.org//DTD Mapper 3.0//EN"
        "http://mybatis.org/dtd/mybatis-3-mapper.dtd">


<mapper namespace="com.example.mapper.WorkMapper">
    <select id="workSum" resultType="int">
        select sum(prise) as sum from list where date>#{date}
    </select>

    <select id="workFinish" resultType="int">
        select count(order_id) as finish from list where date>#{date} and status = '已完成'
    </select>

    <select id="workOrder" resultType="int">
        select count(order_id) from list where date>#{date} and status = '已下单'
    </select>

    <select id="workCustomer" resultType="int">
        select count(openid) as customer from customer where date>#{date}
    </select>

    <select id="workPay" resultType="int">
        select count(order_id) as pay from list where date>#{date} and status = '待付款'
    </select>

    <select id="workCancel" resultType="int">
        select count(order_id) as cancle from list where date>#{date} and status = '已取消'
    </select>

    <select id="workAll" resultType="int">
        select count(order_id) from list where date>#{date}
    </select>

    <select id="workDishOpen" resultType="int">
        select count(name) as dishOpen from object where status = '启售'
    </select>

    <select id="workDishClose" resultType="int">
        select count(name) as dishClose from object where status = '停售'
    </select>

    <select id="workGiftOpen" resultType="int">
        select count(name) as giftOpen from gift where status = '启售'
    </select>

    <select id="workGiftClose" resultType="int">
        select count(name) as giftClose from gift where status = '停售'
    </select>

    <select id="workTradeList" resultType="com.example.pojo.trade.Trade">
        select * from list where date>#{date} and status = '已下单'
    </select>
</mapper>