{
  "usingComponents": {
    "van-sidebar": "@vant/weapp/sidebar/index",
    "van-sidebar-item": "@vant/weapp/sidebar-item/index",
    "van-card": "@vant/weapp/card/index",
    "van-button": "@vant/weapp/button/index",
    "van-submit-bar": "@vant/weapp/submit-bar/index",
    "van-icon": "@vant/weapp/icon/index",
    "van-popup": "@vant/weapp/popup/index",
    "van-dialog": "@vant/weapp/dialog/index",
    "van-checkbox": "@vant/weapp/checkbox/index",
    "van-checkbox-group": "@vant/weapp/checkbox-group/index",
    "van-notify": "@vant/weapp/notify/index"
  }
}